[{"id":"user-file-FABRIMETALTECHNICALCERTIFICATIONS.pdf","fileName":"FABRIMETALTECHNICALCERTIFICATIONS.pdf","name":"FABRIMETALTECHNICALCERTIFICATIONS","publicUrl":"np://user.desktop.nicepage.com/Site_1869912239/files/FABRIMETALTECHNICALCERTIFICATIONS.pdf","size":2005028},{"id":"user-file-FabrimetalCatalogue-012022webversion.pdf","fileName":"FabrimetalCatalogue-012022webversion.pdf","name":"FabrimetalCatalogue-012022webversion","publicUrl":"np://user.desktop.nicepage.com/Site_1869912239/files/FabrimetalCatalogue-012022webversion.pdf","size":4968076},{"id":"user-file-MELWAFABRIMETALPARTNERSHIPPAGEweb.pdf","fileName":"MELWAFABRIMETALPARTNERSHIPPAGEweb.pdf","name":"MELWAFABRIMETALPARTNERSHIPPAGEweb","publicUrl":"np://user.desktop.nicepage.com/Site_1869912239/files/MELWAFABRIMETALPARTNERSHIPPAGEweb.pdf","size":698249}]